# station_id,MAGAT-INFLOW
# variable,stage
# issue_time,2026-09-27T12:00:00+00:00
# units,m
time_utc,value
2026-09-27T13:00:00+00:00,0.00057
2026-09-27T14:00:00+00:00,0.00354
2026-09-27T15:00:00+00:00,0.01579
2026-09-27T16:00:00+00:00,0.04458
2026-09-27T17:00:00+00:00,0.07578
2026-09-27T18:00:00+00:00,0.10197
2026-09-27T19:00:00+00:00,0.12734
2026-09-27T20:00:00+00:00,0.19173
2026-09-27T21:00:00+00:00,0.36586
2026-09-27T22:00:00+00:00,0.49997
2026-09-27T23:00:00+00:00,0.56648
2026-09-28T00:00:00+00:00,0.6002
2026-09-28T01:00:00+00:00,0.62624
2026-09-28T02:00:00+00:00,0.64645
2026-09-28T03:00:00+00:00,0.65421
2026-09-28T04:00:00+00:00,0.64889
2026-09-28T05:00:00+00:00,0.63384
2026-09-28T06:00:00+00:00,0.61356
2026-09-28T07:00:00+00:00,0.59257
2026-09-28T08:00:00+00:00,0.64766
2026-09-28T09:00:00+00:00,1.18296
2026-09-28T10:00:00+00:00,2.12618
2026-09-28T11:00:00+00:00,2.62931
2026-09-28T12:00:00+00:00,2.84177
2026-09-28T13:00:00+00:00,2.84757
2026-09-28T14:00:00+00:00,2.73674
2026-09-28T15:00:00+00:00,2.58473
2026-09-28T16:00:00+00:00,2.39502
2026-09-28T17:00:00+00:00,2.17929
2026-09-28T18:00:00+00:00,1.95973
2026-09-28T19:00:00+00:00,1.76464
2026-09-28T20:00:00+00:00,1.59617
2026-09-28T21:00:00+00:00,1.46043
2026-09-28T22:00:00+00:00,1.35989
2026-09-28T23:00:00+00:00,1.30499
2026-09-29T00:00:00+00:00,1.25904
2026-09-29T01:00:00+00:00,1.20416
2026-09-29T02:00:00+00:00,1.14142
2026-09-29T03:00:00+00:00,1.08156
2026-09-29T04:00:00+00:00,1.02643
2026-09-29T05:00:00+00:00,0.98041
2026-09-29T06:00:00+00:00,0.97802
2026-09-29T07:00:00+00:00,1.20936
2026-09-29T08:00:00+00:00,1.56942
2026-09-29T09:00:00+00:00,1.92935
2026-09-29T10:00:00+00:00,2.21939
2026-09-29T11:00:00+00:00,2.46738
2026-09-29T12:00:00+00:00,2.5877
2026-09-29T13:00:00+00:00,2.55696
2026-09-29T14:00:00+00:00,2.43593
2026-09-29T15:00:00+00:00,2.28254
2026-09-29T16:00:00+00:00,2.09267
2026-09-29T17:00:00+00:00,1.89057
2026-09-29T18:00:00+00:00,1.70884
2026-09-29T19:00:00+00:00,1.55298
2026-09-29T20:00:00+00:00,1.41787
2026-09-29T21:00:00+00:00,1.30049
2026-09-29T22:00:00+00:00,1.20286
2026-09-29T23:00:00+00:00,1.12065
2026-09-30T00:00:00+00:00,1.05112
2026-09-30T01:00:00+00:00,0.98949
2026-09-30T02:00:00+00:00,0.93438
2026-09-30T03:00:00+00:00,0.88389
2026-09-30T04:00:00+00:00,0.84168
2026-09-30T05:00:00+00:00,0.80892
2026-09-30T06:00:00+00:00,0.79991
2026-09-30T07:00:00+00:00,0.89335
2026-09-30T08:00:00+00:00,1.17574
2026-09-30T09:00:00+00:00,1.47997
2026-09-30T10:00:00+00:00,1.8273
2026-09-30T11:00:00+00:00,2.1826
2026-09-30T12:00:00+00:00,2.43347
2026-09-30T13:00:00+00:00,2.51996
2026-09-30T14:00:00+00:00,2.45235
2026-09-30T15:00:00+00:00,2.28342
2026-09-30T16:00:00+00:00,2.07429
2026-09-30T17:00:00+00:00,1.86496
2026-09-30T18:00:00+00:00,1.67986
2026-09-30T19:00:00+00:00,1.52662
2026-09-30T20:00:00+00:00,1.39408
2026-09-30T21:00:00+00:00,1.28117
2026-09-30T22:00:00+00:00,1.18511
2026-09-30T23:00:00+00:00,1.1022
2026-10-01T00:00:00+00:00,1.03321
2026-10-01T01:00:00+00:00,0.9737
2026-10-01T02:00:00+00:00,0.92042
2026-10-01T03:00:00+00:00,0.87204
2026-10-01T04:00:00+00:00,0.83176
2026-10-01T05:00:00+00:00,0.805
2026-10-01T06:00:00+00:00,0.79226
2026-10-01T07:00:00+00:00,0.84033
2026-10-01T08:00:00+00:00,1.29087
2026-10-01T09:00:00+00:00,2.12317
2026-10-01T10:00:00+00:00,2.58522
2026-10-01T11:00:00+00:00,2.95106
2026-10-01T12:00:00+00:00,3.08993
2026-10-01T13:00:00+00:00,2.9668
2026-10-01T14:00:00+00:00,2.74697
2026-10-01T15:00:00+00:00,2.48387
2026-10-01T16:00:00+00:00,2.24128
2026-10-01T17:00:00+00:00,2.00989
2026-10-01T18:00:00+00:00,1.80809
2026-10-01T19:00:00+00:00,1.63109
2026-10-01T20:00:00+00:00,1.48327
2026-10-01T21:00:00+00:00,1.35858
2026-10-01T22:00:00+00:00,1.25371
2026-10-01T23:00:00+00:00,1.1678
2026-10-02T00:00:00+00:00,1.09283
2026-10-02T01:00:00+00:00,1.02852
2026-10-02T02:00:00+00:00,0.97168
2026-10-02T03:00:00+00:00,0.92141
2026-10-02T04:00:00+00:00,0.8742
2026-10-02T05:00:00+00:00,0.83388
2026-10-02T06:00:00+00:00,0.799
2026-10-02T07:00:00+00:00,0.77744
2026-10-02T08:00:00+00:00,0.77798
2026-10-02T09:00:00+00:00,0.82512
2026-10-02T10:00:00+00:00,0.95329
2026-10-02T11:00:00+00:00,1.21227
2026-10-02T12:00:00+00:00,1.45523
2026-10-02T13:00:00+00:00,1.55472
2026-10-02T14:00:00+00:00,1.56084
2026-10-02T15:00:00+00:00,1.50671
2026-10-02T16:00:00+00:00,1.41703
2026-10-02T17:00:00+00:00,1.31867
2026-10-02T18:00:00+00:00,1.22305
2026-10-02T19:00:00+00:00,1.14058
2026-10-02T20:00:00+00:00,1.06583
2026-10-02T21:00:00+00:00,0.9989
2026-10-02T22:00:00+00:00,0.93975
2026-10-02T23:00:00+00:00,0.88751
2026-10-03T00:00:00+00:00,0.83901
2026-10-03T01:00:00+00:00,0.79554
2026-10-03T02:00:00+00:00,0.75751
2026-10-03T03:00:00+00:00,0.72386
2026-10-03T04:00:00+00:00,0.69429
2026-10-03T05:00:00+00:00,0.66896
2026-10-03T06:00:00+00:00,0.64651
2026-10-03T07:00:00+00:00,0.63146
2026-10-03T08:00:00+00:00,0.67877
2026-10-03T09:00:00+00:00,0.83907
2026-10-03T10:00:00+00:00,0.99396
2026-10-03T11:00:00+00:00,1.19545
2026-10-03T12:00:00+00:00,1.41933
2026-10-03T13:00:00+00:00,1.55105
2026-10-03T14:00:00+00:00,1.55089
2026-10-03T15:00:00+00:00,1.49031
2026-10-03T16:00:00+00:00,1.43135
2026-10-03T17:00:00+00:00,1.36393
2026-10-03T18:00:00+00:00,1.29594
2026-10-03T19:00:00+00:00,1.22088
2026-10-03T20:00:00+00:00,1.15295
2026-10-03T21:00:00+00:00,1.09403
2026-10-03T22:00:00+00:00,1.03817
2026-10-03T23:00:00+00:00,0.98514
2026-10-04T00:00:00+00:00,0.93516
2026-10-04T01:00:00+00:00,0.88773
2026-10-04T02:00:00+00:00,0.85164
2026-10-04T03:00:00+00:00,0.81611
2026-10-04T04:00:00+00:00,0.78406
2026-10-04T05:00:00+00:00,0.75891
2026-10-04T06:00:00+00:00,0.74108
2026-10-04T07:00:00+00:00,0.73674
2026-10-04T08:00:00+00:00,0.77867
2026-10-04T09:00:00+00:00,1.19157
2026-10-04T10:00:00+00:00,1.99044
2026-10-04T11:00:00+00:00,2.51826
2026-10-04T12:00:00+00:00,2.90085
