# station_id,MAGAT-R4
# variable,discharge
# issue_time,2026-09-27T12:00:00+00:00
# units,m3/s
time_utc,value
2026-09-27T13:00:00+00:00,0.10981
2026-09-27T14:00:00+00:00,1.46411
2026-09-27T15:00:00+00:00,33.87922
2026-09-27T16:00:00+00:00,37.02045
2026-09-27T17:00:00+00:00,53.52125
2026-09-27T18:00:00+00:00,54.89393
2026-09-27T19:00:00+00:00,51.20214
2026-09-27T20:00:00+00:00,49.18578
2026-09-27T21:00:00+00:00,46.75496
2026-09-27T22:00:00+00:00,43.0705
2026-09-27T23:00:00+00:00,38.94908
2026-09-28T00:00:00+00:00,34.90762
2026-09-28T01:00:00+00:00,31.1759
2026-09-28T02:00:00+00:00,27.84222
2026-09-28T03:00:00+00:00,24.95009
2026-09-28T04:00:00+00:00,22.5535
2026-09-28T05:00:00+00:00,20.87557
2026-09-28T06:00:00+00:00,21.02538
2026-09-28T07:00:00+00:00,38.27209
2026-09-28T08:00:00+00:00,644.56716
2026-09-28T09:00:00+00:00,956.92926
2026-09-28T10:00:00+00:00,1086.4818
2026-09-28T11:00:00+00:00,1305.65656
2026-09-28T12:00:00+00:00,1419.08194
2026-09-28T13:00:00+00:00,1344.0599
2026-09-28T14:00:00+00:00,1200.52802
2026-09-28T15:00:00+00:00,979.78675
2026-09-28T16:00:00+00:00,729.8557
2026-09-28T17:00:00+00:00,526.46512
2026-09-28T18:00:00+00:00,383.78877
2026-09-28T19:00:00+00:00,289.53028
2026-09-28T20:00:00+00:00,226.01777
2026-09-28T21:00:00+00:00,182.20368
2026-09-28T22:00:00+00:00,151.47266
2026-09-28T23:00:00+00:00,128.60836
2026-09-29T00:00:00+00:00,110.94077
2026-09-29T01:00:00+00:00,97.39613
2026-09-29T02:00:00+00:00,86.78213
2026-09-29T03:00:00+00:00,77.81859
2026-09-29T04:00:00+00:00,71.31691
2026-09-29T05:00:00+00:00,76.39809
2026-09-29T06:00:00+00:00,178.18225
2026-09-29T07:00:00+00:00,504.94916
2026-09-29T08:00:00+00:00,675.99187
2026-09-29T09:00:00+00:00,757.78014
2026-09-29T10:00:00+00:00,822.05436
2026-09-29T11:00:00+00:00,872.20695
2026-09-29T12:00:00+00:00,836.30826
2026-09-29T13:00:00+00:00,791.94344
2026-09-29T14:00:00+00:00,715.20975
2026-09-29T15:00:00+00:00,571.63462
2026-09-29T16:00:00+00:00,429.0256
2026-09-29T17:00:00+00:00,318.35093
2026-09-29T18:00:00+00:00,244.26458
2026-09-29T19:00:00+00:00,191.362
2026-09-29T20:00:00+00:00,152.89065
2026-09-29T21:00:00+00:00,124.87172
2026-09-29T22:00:00+00:00,103.52064
2026-09-29T23:00:00+00:00,87.04256
2026-09-30T00:00:00+00:00,74.36397
2026-09-30T01:00:00+00:00,64.13205
2026-09-30T02:00:00+00:00,55.87516
2026-09-30T03:00:00+00:00,49.31253
2026-09-30T04:00:00+00:00,45.6961
2026-09-30T05:00:00+00:00,52.20715
2026-09-30T06:00:00+00:00,96.97783
2026-09-30T07:00:00+00:00,270.39355
2026-09-30T08:00:00+00:00,463.65911
2026-09-30T09:00:00+00:00,634.41651
2026-09-30T10:00:00+00:00,787.2857
2026-09-30T11:00:00+00:00,896.29336
2026-09-30T12:00:00+00:00,963.01932
2026-09-30T13:00:00+00:00,890.72143
2026-09-30T14:00:00+00:00,706.43051
2026-09-30T15:00:00+00:00,530.37971
2026-09-30T16:00:00+00:00,396.43544
2026-09-30T17:00:00+00:00,297.30278
2026-09-30T18:00:00+00:00,229.25087
2026-09-30T19:00:00+00:00,180.04423
2026-09-30T20:00:00+00:00,144.52938
2026-09-30T21:00:00+00:00,118.0146
2026-09-30T22:00:00+00:00,98.69532
2026-09-30T23:00:00+00:00,83.4324
2026-10-01T00:00:00+00:00,71.45735
2026-10-01T01:00:00+00:00,61.80682
2026-10-01T02:00:00+00:00,54.06991
2026-10-01T03:00:00+00:00,47.91078
2026-10-01T04:00:00+00:00,44.40872
2026-10-01T05:00:00+00:00,52.9844
2026-10-01T06:00:00+00:00,177.56684
2026-10-01T07:00:00+00:00,700.61376
2026-10-01T08:00:00+00:00,1054.26565
2026-10-01T09:00:00+00:00,1237.0313
2026-10-01T10:00:00+00:00,1445.83002
2026-10-01T11:00:00+00:00,1428.75394
2026-10-01T12:00:00+00:00,1224.4009
2026-10-01T13:00:00+00:00,1005.69954
2026-10-01T14:00:00+00:00,836.41149
2026-10-01T15:00:00+00:00,690.44141
2026-10-01T16:00:00+00:00,520.66617
2026-10-01T17:00:00+00:00,379.18734
2026-10-01T18:00:00+00:00,282.84108
2026-10-01T19:00:00+00:00,216.71608
2026-10-01T20:00:00+00:00,170.60022
2026-10-01T21:00:00+00:00,138.49688
2026-10-01T22:00:00+00:00,113.88645
2026-10-01T23:00:00+00:00,95.45577
2026-10-02T00:00:00+00:00,80.90943
2026-10-02T01:00:00+00:00,69.52229
2026-10-02T02:00:00+00:00,60.34464
2026-10-02T03:00:00+00:00,52.92142
2026-10-02T04:00:00+00:00,46.99359
2026-10-02T05:00:00+00:00,42.61
2026-10-02T06:00:00+00:00,41.25116
2026-10-02T07:00:00+00:00,52.13176
2026-10-02T08:00:00+00:00,142.0804
2026-10-02T09:00:00+00:00,341.10526
2026-10-02T10:00:00+00:00,473.74372
2026-10-02T11:00:00+00:00,517.6897
2026-10-02T12:00:00+00:00,517.47826
2026-10-02T13:00:00+00:00,477.41162
2026-10-02T14:00:00+00:00,383.44179
2026-10-02T15:00:00+00:00,295.74429
2026-10-02T16:00:00+00:00,229.74965
2026-10-02T17:00:00+00:00,180.97334
2026-10-02T18:00:00+00:00,146.11265
2026-10-02T19:00:00+00:00,119.56737
2026-10-02T20:00:00+00:00,99.34004
2026-10-02T21:00:00+00:00,83.64268
2026-10-02T22:00:00+00:00,71.25857
2026-10-02T23:00:00+00:00,61.3607
2026-10-03T00:00:00+00:00,53.42071
2026-10-03T01:00:00+00:00,46.8789
2026-10-03T02:00:00+00:00,41.51064
2026-10-03T03:00:00+00:00,36.95883
2026-10-03T04:00:00+00:00,33.10536
2026-10-03T05:00:00+00:00,29.83976
2026-10-03T06:00:00+00:00,27.03474
2026-10-03T07:00:00+00:00,24.73157
2026-10-03T08:00:00+00:00,23.08309
2026-10-03T09:00:00+00:00,22.2299
2026-10-03T10:00:00+00:00,23.10081
2026-10-03T11:00:00+00:00,27.91666
2026-10-03T12:00:00+00:00,38.02611
2026-10-03T13:00:00+00:00,59.56912
2026-10-03T14:00:00+00:00,113.68135
2026-10-03T15:00:00+00:00,145.27003
2026-10-03T16:00:00+00:00,146.66409
2026-10-03T17:00:00+00:00,136.63614
2026-10-03T18:00:00+00:00,121.22205
2026-10-03T19:00:00+00:00,105.73068
2026-10-03T20:00:00+00:00,91.10077
2026-10-03T21:00:00+00:00,78.3867
2026-10-03T22:00:00+00:00,67.58173
2026-10-03T23:00:00+00:00,58.78469
2026-10-04T00:00:00+00:00,51.60139
2026-10-04T01:00:00+00:00,45.68209
2026-10-04T02:00:00+00:00,40.99353
2026-10-04T03:00:00+00:00,37.62168
2026-10-04T04:00:00+00:00,36.93752
2026-10-04T05:00:00+00:00,49.56218
2026-10-04T06:00:00+00:00,158.06489
2026-10-04T07:00:00+00:00,428.48587
2026-10-04T08:00:00+00:00,996.58041
2026-10-04T09:00:00+00:00,1422.01796
2026-10-04T10:00:00+00:00,2187.25904
2026-10-04T11:00:00+00:00,3422.77433
2026-10-04T12:00:00+00:00,3828.30543
