# station_id,MAGAT-DAM
# variable,stage
# issue_time,2026-09-27T08:00:00+00:00
# units,m
time_utc,value
2026-09-27T09:00:00+00:00,0.00919
2026-09-27T10:00:00+00:00,0.03086
2026-09-27T11:00:00+00:00,0.10082
2026-09-27T12:00:00+00:00,0.16978
2026-09-27T13:00:00+00:00,0.4421
2026-09-27T14:00:00+00:00,0.60355
2026-09-27T15:00:00+00:00,0.70906
2026-09-27T16:00:00+00:00,0.85218
2026-09-27T17:00:00+00:00,0.92725
2026-09-27T18:00:00+00:00,0.90582
2026-09-27T19:00:00+00:00,0.84844
2026-09-27T20:00:00+00:00,0.7855
2026-09-27T21:00:00+00:00,0.72392
2026-09-27T22:00:00+00:00,0.67309
2026-09-27T23:00:00+00:00,0.62845
2026-09-28T00:00:00+00:00,0.5888
2026-09-28T01:00:00+00:00,0.55859
2026-09-28T02:00:00+00:00,0.5359
2026-09-28T03:00:00+00:00,0.51565
2026-09-28T04:00:00+00:00,0.50813
2026-09-28T05:00:00+00:00,0.53679
2026-09-28T06:00:00+00:00,0.59161
2026-09-28T07:00:00+00:00,0.70293
2026-09-28T08:00:00+00:00,0.89025
2026-09-28T09:00:00+00:00,1.2144
2026-09-28T10:00:00+00:00,1.5695
2026-09-28T11:00:00+00:00,1.87051
2026-09-28T12:00:00+00:00,2.12922
2026-09-28T13:00:00+00:00,2.16691
2026-09-28T14:00:00+00:00,2.08646
2026-09-28T15:00:00+00:00,1.98265
2026-09-28T16:00:00+00:00,1.86038
2026-09-28T17:00:00+00:00,1.66408
2026-09-28T18:00:00+00:00,1.47416
2026-09-28T19:00:00+00:00,1.28685
2026-09-28T20:00:00+00:00,1.1221
2026-09-28T21:00:00+00:00,0.996
2026-09-28T22:00:00+00:00,0.89883
2026-09-28T23:00:00+00:00,0.81609
2026-09-29T00:00:00+00:00,0.74811
2026-09-29T01:00:00+00:00,0.69375
2026-09-29T02:00:00+00:00,0.64889
2026-09-29T03:00:00+00:00,0.61139
2026-09-29T04:00:00+00:00,0.57732
2026-09-29T05:00:00+00:00,0.54764
2026-09-29T06:00:00+00:00,0.52628
2026-09-29T07:00:00+00:00,0.55935
2026-09-29T08:00:00+00:00,0.69292
2026-09-29T09:00:00+00:00,0.95764
2026-09-29T10:00:00+00:00,1.17896
2026-09-29T11:00:00+00:00,1.35277
2026-09-29T12:00:00+00:00,1.47305
2026-09-29T13:00:00+00:00,1.51259
2026-09-29T14:00:00+00:00,1.4835
2026-09-29T15:00:00+00:00,1.40366
2026-09-29T16:00:00+00:00,1.2856
2026-09-29T17:00:00+00:00,1.15325
2026-09-29T18:00:00+00:00,1.03867
2026-09-29T19:00:00+00:00,0.93845
2026-09-29T20:00:00+00:00,0.85281
2026-09-29T21:00:00+00:00,0.78128
2026-09-29T22:00:00+00:00,0.72071
2026-09-29T23:00:00+00:00,0.66974
2026-09-30T00:00:00+00:00,0.62601
2026-09-30T01:00:00+00:00,0.58887
2026-09-30T02:00:00+00:00,0.55559
2026-09-30T03:00:00+00:00,0.5252
2026-09-30T04:00:00+00:00,0.49826
2026-09-30T05:00:00+00:00,0.47754
2026-09-30T06:00:00+00:00,0.46509
2026-09-30T07:00:00+00:00,0.48496
2026-09-30T08:00:00+00:00,0.64569
2026-09-30T09:00:00+00:00,0.91678
2026-09-30T10:00:00+00:00,1.16619
2026-09-30T11:00:00+00:00,1.41131
2026-09-30T12:00:00+00:00,1.57112
2026-09-30T13:00:00+00:00,1.56735
2026-09-30T14:00:00+00:00,1.49281
2026-09-30T15:00:00+00:00,1.3821
2026-09-30T16:00:00+00:00,1.24517
2026-09-30T17:00:00+00:00,1.11772
2026-09-30T18:00:00+00:00,1.00655
2026-09-30T19:00:00+00:00,0.91412
2026-09-30T20:00:00+00:00,0.838
2026-09-30T21:00:00+00:00,0.77088
2026-09-30T22:00:00+00:00,0.71347
2026-09-30T23:00:00+00:00,0.66634
2026-10-01T00:00:00+00:00,0.62437
2026-10-01T01:00:00+00:00,0.58618
2026-10-01T02:00:00+00:00,0.55608
2026-10-01T03:00:00+00:00,0.5301
2026-10-01T04:00:00+00:00,0.50717
2026-10-01T05:00:00+00:00,0.4942
2026-10-01T06:00:00+00:00,0.50153
2026-10-01T07:00:00+00:00,0.67088
2026-10-01T08:00:00+00:00,1.2273
2026-10-01T09:00:00+00:00,1.55786
2026-10-01T10:00:00+00:00,1.81104
2026-10-01T11:00:00+00:00,1.92275
2026-10-01T12:00:00+00:00,1.9406
2026-10-01T13:00:00+00:00,1.88
2026-10-01T14:00:00+00:00,1.7391
2026-10-01T15:00:00+00:00,1.56941
2026-10-01T16:00:00+00:00,1.37494
2026-10-01T17:00:00+00:00,1.19521
2026-10-01T18:00:00+00:00,1.04338
2026-10-01T19:00:00+00:00,0.93194
2026-10-01T20:00:00+00:00,0.83988
2026-10-01T21:00:00+00:00,0.76284
2026-10-01T22:00:00+00:00,0.70218
2026-10-01T23:00:00+00:00,0.65403
2026-10-02T00:00:00+00:00,0.61144
2026-10-02T01:00:00+00:00,0.5747
2026-10-02T02:00:00+00:00,0.54295
2026-10-02T03:00:00+00:00,0.51353
2026-10-02T04:00:00+00:00,0.48786
2026-10-02T05:00:00+00:00,0.46573
2026-10-02T06:00:00+00:00,0.44625
2026-10-02T07:00:00+00:00,0.43002
2026-10-02T08:00:00+00:00,0.41854
2026-10-02T09:00:00+00:00,0.41471
2026-10-02T10:00:00+00:00,0.4269
2026-10-02T11:00:00+00:00,0.48476
2026-10-02T12:00:00+00:00,0.62097
2026-10-02T13:00:00+00:00,0.72066
2026-10-02T14:00:00+00:00,0.74587
2026-10-02T15:00:00+00:00,0.73363
2026-10-02T16:00:00+00:00,0.70034
2026-10-02T17:00:00+00:00,0.65922
2026-10-02T18:00:00+00:00,0.61922
2026-10-02T19:00:00+00:00,0.58224
2026-10-02T20:00:00+00:00,0.5478
2026-10-02T21:00:00+00:00,0.51682
2026-10-02T22:00:00+00:00,0.48852
2026-10-02T23:00:00+00:00,0.46219
2026-10-03T00:00:00+00:00,0.43854
2026-10-03T01:00:00+00:00,0.41754
2026-10-03T02:00:00+00:00,0.39916
2026-10-03T03:00:00+00:00,0.38278
2026-10-03T04:00:00+00:00,0.36842
2026-10-03T05:00:00+00:00,0.35606
2026-10-03T06:00:00+00:00,0.34571
2026-10-03T07:00:00+00:00,0.33846
2026-10-03T08:00:00+00:00,0.34641
2026-10-03T09:00:00+00:00,0.38948
2026-10-03T10:00:00+00:00,0.44411
2026-10-03T11:00:00+00:00,0.5005
2026-10-03T12:00:00+00:00,0.57628
2026-10-03T13:00:00+00:00,0.64215
2026-10-03T14:00:00+00:00,0.66816
2026-10-03T15:00:00+00:00,0.66849
2026-10-03T16:00:00+00:00,0.65519
2026-10-03T17:00:00+00:00,0.63875
2026-10-03T18:00:00+00:00,0.61984
2026-10-03T19:00:00+00:00,0.5996
2026-10-03T20:00:00+00:00,0.57628
2026-10-03T21:00:00+00:00,0.5539
2026-10-03T22:00:00+00:00,0.5314
2026-10-03T23:00:00+00:00,0.50988
2026-10-04T00:00:00+00:00,0.48836
2026-10-04T01:00:00+00:00,0.46803
2026-10-04T02:00:00+00:00,0.44931
2026-10-04T03:00:00+00:00,0.43206
2026-10-04T04:00:00+00:00,0.41625
2026-10-04T05:00:00+00:00,0.40253
2026-10-04T06:00:00+00:00,0.39225
2026-10-04T07:00:00+00:00,0.38908
2026-10-04T08:00:00+00:00,0.40721
