# station_id,MAGAT-ARITAO
# variable,stage
# issue_time,2026-09-27T08:00:00+00:00
# units,m
time_utc,value
2026-09-27T09:00:00+00:00,0.00498
2026-09-27T10:00:00+00:00,0.01546
2026-09-27T11:00:00+00:00,0.02493
2026-09-27T12:00:00+00:00,0.04907
2026-09-27T13:00:00+00:00,0.08669
2026-09-27T14:00:00+00:00,0.12167
2026-09-27T15:00:00+00:00,0.13246
2026-09-27T16:00:00+00:00,0.12452
2026-09-27T17:00:00+00:00,0.11315
2026-09-27T18:00:00+00:00,0.10152
2026-09-27T19:00:00+00:00,0.09062
2026-09-27T20:00:00+00:00,0.08094
2026-09-27T21:00:00+00:00,0.07256
2026-09-27T22:00:00+00:00,0.06538
2026-09-27T23:00:00+00:00,0.05923
2026-09-28T00:00:00+00:00,0.05394
2026-09-28T01:00:00+00:00,0.04942
2026-09-28T02:00:00+00:00,0.04565
2026-09-28T03:00:00+00:00,0.04299
2026-09-28T04:00:00+00:00,0.04188
2026-09-28T05:00:00+00:00,0.04529
2026-09-28T06:00:00+00:00,0.06774
2026-09-28T07:00:00+00:00,0.16697
2026-09-28T08:00:00+00:00,0.27745
2026-09-28T09:00:00+00:00,0.33282
2026-09-28T10:00:00+00:00,0.36567
2026-09-28T11:00:00+00:00,0.38952
2026-09-28T12:00:00+00:00,0.40764
2026-09-28T13:00:00+00:00,0.43507
2026-09-28T14:00:00+00:00,0.4053
2026-09-28T15:00:00+00:00,0.33185
2026-09-28T16:00:00+00:00,0.26374
2026-09-28T17:00:00+00:00,0.2124
2026-09-28T18:00:00+00:00,0.17491
2026-09-28T19:00:00+00:00,0.14717
2026-09-28T20:00:00+00:00,0.12616
2026-09-28T21:00:00+00:00,0.10989
2026-09-28T22:00:00+00:00,0.09703
2026-09-28T23:00:00+00:00,0.08667
2026-09-29T00:00:00+00:00,0.07818
2026-09-29T01:00:00+00:00,0.07112
2026-09-29T02:00:00+00:00,0.06517
2026-09-29T03:00:00+00:00,0.06085
2026-09-29T04:00:00+00:00,0.0628
2026-09-29T05:00:00+00:00,0.08847
2026-09-29T06:00:00+00:00,0.15061
2026-09-29T07:00:00+00:00,0.22345
2026-09-29T08:00:00+00:00,0.2804
2026-09-29T09:00:00+00:00,0.33887
2026-09-29T10:00:00+00:00,0.38269
2026-09-29T11:00:00+00:00,0.38745
2026-09-29T12:00:00+00:00,0.36741
2026-09-29T13:00:00+00:00,0.34645
2026-09-29T14:00:00+00:00,0.31881
2026-09-29T15:00:00+00:00,0.27286
2026-09-29T16:00:00+00:00,0.22658
2026-09-29T17:00:00+00:00,0.18867
2026-09-29T18:00:00+00:00,0.15945
2026-09-29T19:00:00+00:00,0.137
2026-09-29T20:00:00+00:00,0.11953
2026-09-29T21:00:00+00:00,0.1057
2026-09-29T22:00:00+00:00,0.09455
2026-09-29T23:00:00+00:00,0.0854
2026-09-30T00:00:00+00:00,0.07778
2026-09-30T01:00:00+00:00,0.07134
2026-09-30T02:00:00+00:00,0.0659
2026-09-30T03:00:00+00:00,0.06183
2026-09-30T04:00:00+00:00,0.06304
2026-09-30T05:00:00+00:00,0.08976
2026-09-30T06:00:00+00:00,0.17268
2026-09-30T07:00:00+00:00,0.2416
2026-09-30T08:00:00+00:00,0.28599
2026-09-30T09:00:00+00:00,0.33744
2026-09-30T10:00:00+00:00,0.38435
2026-09-30T11:00:00+00:00,0.42243
2026-09-30T12:00:00+00:00,0.43868
2026-09-30T13:00:00+00:00,0.43325
2026-09-30T14:00:00+00:00,0.38112
2026-09-30T15:00:00+00:00,0.30542
2026-09-30T16:00:00+00:00,0.24508
2026-09-30T17:00:00+00:00,0.20181
2026-09-30T18:00:00+00:00,0.16983
2026-09-30T19:00:00+00:00,0.14542
2026-09-30T20:00:00+00:00,0.12673
2026-09-30T21:00:00+00:00,0.1126
2026-09-30T22:00:00+00:00,0.10127
2026-09-30T23:00:00+00:00,0.09172
2026-10-01T00:00:00+00:00,0.08353
2026-10-01T01:00:00+00:00,0.07665
2026-10-01T02:00:00+00:00,0.07146
2026-10-01T03:00:00+00:00,0.07288
2026-10-01T04:00:00+00:00,0.12233
2026-10-01T05:00:00+00:00,0.26896
2026-10-01T06:00:00+00:00,0.36184
2026-10-01T07:00:00+00:00,0.42355
2026-10-01T08:00:00+00:00,0.54198
2026-10-01T09:00:00+00:00,0.68226
2026-10-01T10:00:00+00:00,0.58815
2026-10-01T11:00:00+00:00,0.43405
2026-10-01T12:00:00+00:00,0.32613
2026-10-01T13:00:00+00:00,0.25468
2026-10-01T14:00:00+00:00,0.20611
2026-10-01T15:00:00+00:00,0.17174
2026-10-01T16:00:00+00:00,0.14648
2026-10-01T17:00:00+00:00,0.12729
2026-10-01T18:00:00+00:00,0.1123
2026-10-01T19:00:00+00:00,0.10032
2026-10-01T20:00:00+00:00,0.09054
2026-10-01T21:00:00+00:00,0.08242
2026-10-01T22:00:00+00:00,0.07556
2026-10-01T23:00:00+00:00,0.06971
2026-10-02T00:00:00+00:00,0.06465
2026-10-02T01:00:00+00:00,0.06023
2026-10-02T02:00:00+00:00,0.05635
2026-10-02T03:00:00+00:00,0.05291
2026-10-02T04:00:00+00:00,0.05046
2026-10-02T05:00:00+00:00,0.04955
2026-10-02T06:00:00+00:00,0.05099
2026-10-02T07:00:00+00:00,0.06554
2026-10-02T08:00:00+00:00,0.10482
2026-10-02T09:00:00+00:00,0.15936
2026-10-02T10:00:00+00:00,0.19261
2026-10-02T11:00:00+00:00,0.19565
2026-10-02T12:00:00+00:00,0.18753
2026-10-02T13:00:00+00:00,0.17014
2026-10-02T14:00:00+00:00,0.15016
2026-10-02T15:00:00+00:00,0.13161
2026-10-02T16:00:00+00:00,0.11551
2026-10-02T17:00:00+00:00,0.10201
2026-10-02T18:00:00+00:00,0.09081
2026-10-02T19:00:00+00:00,0.0815
2026-10-02T20:00:00+00:00,0.07372
2026-10-02T21:00:00+00:00,0.06717
2026-10-02T22:00:00+00:00,0.06161
2026-10-02T23:00:00+00:00,0.05684
2026-10-03T00:00:00+00:00,0.05271
2026-10-03T01:00:00+00:00,0.04912
2026-10-03T02:00:00+00:00,0.04597
2026-10-03T03:00:00+00:00,0.04318
2026-10-03T04:00:00+00:00,0.04074
2026-10-03T05:00:00+00:00,0.03861
2026-10-03T06:00:00+00:00,0.03678
2026-10-03T07:00:00+00:00,0.03527
2026-10-03T08:00:00+00:00,0.03421
2026-10-03T09:00:00+00:00,0.03401
2026-10-03T10:00:00+00:00,0.03638
2026-10-03T11:00:00+00:00,0.04413
2026-10-03T12:00:00+00:00,0.05733
2026-10-03T13:00:00+00:00,0.06858
2026-10-03T14:00:00+00:00,0.07544
2026-10-03T15:00:00+00:00,0.08013
2026-10-03T16:00:00+00:00,0.08323
2026-10-03T17:00:00+00:00,0.08318
2026-10-03T18:00:00+00:00,0.08014
2026-10-03T19:00:00+00:00,0.07538
2026-10-03T20:00:00+00:00,0.07013
2026-10-03T21:00:00+00:00,0.06499
2026-10-03T22:00:00+00:00,0.06012
2026-10-03T23:00:00+00:00,0.05565
2026-10-04T00:00:00+00:00,0.0516
2026-10-04T01:00:00+00:00,0.04805
2026-10-04T02:00:00+00:00,0.04529
2026-10-04T03:00:00+00:00,0.04368
2026-10-04T04:00:00+00:00,0.05026
2026-10-04T05:00:00+00:00,0.08927
2026-10-04T06:00:00+00:00,0.19168
2026-10-04T07:00:00+00:00,0.29592
2026-10-04T08:00:00+00:00,0.3801
