# station_id,MAGAT-WL
# variable,stage
# issue_time,2026-09-27T12:00:00+00:00
# units,m
time_utc,value
2026-09-27T13:00:00+00:00,0.00065
2026-09-27T14:00:00+00:00,0.0026
2026-09-27T15:00:00+00:00,0.00816
2026-09-27T16:00:00+00:00,0.02514
2026-09-27T17:00:00+00:00,0.0584
2026-09-27T18:00:00+00:00,0.09058
2026-09-27T19:00:00+00:00,0.12297
2026-09-27T20:00:00+00:00,0.22247
2026-09-27T21:00:00+00:00,0.41202
2026-09-27T22:00:00+00:00,0.54164
2026-09-27T23:00:00+00:00,0.60833
2026-09-28T00:00:00+00:00,0.64366
2026-09-28T01:00:00+00:00,0.67246
2026-09-28T02:00:00+00:00,0.69481
2026-09-28T03:00:00+00:00,0.70303
2026-09-28T04:00:00+00:00,0.6967
2026-09-28T05:00:00+00:00,0.67981
2026-09-28T06:00:00+00:00,0.6574
2026-09-28T07:00:00+00:00,0.6346
2026-09-28T08:00:00+00:00,0.71589
2026-09-28T09:00:00+00:00,1.3172
2026-09-28T10:00:00+00:00,2.33571
2026-09-28T11:00:00+00:00,2.87847
2026-09-28T12:00:00+00:00,3.1078
2026-09-28T13:00:00+00:00,3.11227
2026-09-28T14:00:00+00:00,2.99043
2026-09-28T15:00:00+00:00,2.82338
2026-09-28T16:00:00+00:00,2.61468
2026-09-28T17:00:00+00:00,2.37678
2026-09-28T18:00:00+00:00,2.13518
2026-09-28T19:00:00+00:00,1.92076
2026-09-28T20:00:00+00:00,1.73598
2026-09-28T21:00:00+00:00,1.58721
2026-09-28T22:00:00+00:00,1.47781
2026-09-28T23:00:00+00:00,1.41837
2026-09-29T00:00:00+00:00,1.36766
2026-09-29T01:00:00+00:00,1.30668
2026-09-29T02:00:00+00:00,1.23753
2026-09-29T03:00:00+00:00,1.1717
2026-09-29T04:00:00+00:00,1.11119
2026-09-29T05:00:00+00:00,1.06037
2026-09-29T06:00:00+00:00,1.06216
2026-09-29T07:00:00+00:00,1.32704
2026-09-29T08:00:00+00:00,1.71908
2026-09-29T09:00:00+00:00,2.11205
2026-09-29T10:00:00+00:00,2.42666
2026-09-29T11:00:00+00:00,2.69869
2026-09-29T12:00:00+00:00,2.82934
2026-09-29T13:00:00+00:00,2.79372
2026-09-29T14:00:00+00:00,2.66001
2026-09-29T15:00:00+00:00,2.49103
2026-09-29T16:00:00+00:00,2.28227
2026-09-29T17:00:00+00:00,2.06047
2026-09-29T18:00:00+00:00,1.86087
2026-09-29T19:00:00+00:00,1.68963
2026-09-29T20:00:00+00:00,1.54119
2026-09-29T21:00:00+00:00,1.41216
2026-09-29T22:00:00+00:00,1.30496
2026-09-29T23:00:00+00:00,1.21488
2026-09-30T00:00:00+00:00,1.13853
2026-09-30T01:00:00+00:00,1.07023
2026-09-30T02:00:00+00:00,1.01014
2026-09-30T03:00:00+00:00,0.95466
2026-09-30T04:00:00+00:00,0.90709
2026-09-30T05:00:00+00:00,0.87167
2026-09-30T06:00:00+00:00,0.8652
2026-09-30T07:00:00+00:00,0.97697
2026-09-30T08:00:00+00:00,1.28892
2026-09-30T09:00:00+00:00,1.62013
2026-09-30T10:00:00+00:00,2.0006
2026-09-30T11:00:00+00:00,2.38717
2026-09-30T12:00:00+00:00,2.66144
2026-09-30T13:00:00+00:00,2.75453
2026-09-30T14:00:00+00:00,2.67916
2026-09-30T15:00:00+00:00,2.49208
2026-09-30T16:00:00+00:00,2.26163
2026-09-30T17:00:00+00:00,2.03135
2026-09-30T18:00:00+00:00,1.82811
2026-09-30T19:00:00+00:00,1.65982
2026-09-30T20:00:00+00:00,1.51419
2026-09-30T21:00:00+00:00,1.39033
2026-09-30T22:00:00+00:00,1.2849
2026-09-30T23:00:00+00:00,1.19395
2026-10-01T00:00:00+00:00,1.11841
2026-10-01T01:00:00+00:00,1.0531
2026-10-01T02:00:00+00:00,0.99473
2026-10-01T03:00:00+00:00,0.94146
2026-10-01T04:00:00+00:00,0.89576
2026-10-01T05:00:00+00:00,0.8664
2026-10-01T06:00:00+00:00,0.85287
2026-10-01T07:00:00+00:00,0.91403
2026-10-01T08:00:00+00:00,1.42933
2026-10-01T09:00:00+00:00,2.32939
2026-10-01T10:00:00+00:00,2.83201
2026-10-01T11:00:00+00:00,3.23163
2026-10-01T12:00:00+00:00,3.38153
2026-10-01T13:00:00+00:00,3.2455
2026-10-01T14:00:00+00:00,3.00343
2026-10-01T15:00:00+00:00,2.71428
2026-10-01T16:00:00+00:00,2.44705
2026-10-01T17:00:00+00:00,2.19238
2026-10-01T18:00:00+00:00,1.97035
2026-10-01T19:00:00+00:00,1.77569
2026-10-01T20:00:00+00:00,1.61306
2026-10-01T21:00:00+00:00,1.47612
2026-10-01T22:00:00+00:00,1.36092
2026-10-01T23:00:00+00:00,1.26676
2026-10-02T00:00:00+00:00,1.18433
2026-10-02T01:00:00+00:00,1.11373
2026-10-02T02:00:00+00:00,1.05133
2026-10-02T03:00:00+00:00,0.99611
2026-10-02T04:00:00+00:00,0.94217
2026-10-02T05:00:00+00:00,0.89863
2026-10-02T06:00:00+00:00,0.86107
2026-10-02T07:00:00+00:00,0.83881
2026-10-02T08:00:00+00:00,0.84102
2026-10-02T09:00:00+00:00,0.89657
2026-10-02T10:00:00+00:00,1.0418
2026-10-02T11:00:00+00:00,1.32871
2026-10-02T12:00:00+00:00,1.58963
2026-10-02T13:00:00+00:00,1.69481
2026-10-02T14:00:00+00:00,1.69981
2026-10-02T15:00:00+00:00,1.63868
2026-10-02T16:00:00+00:00,1.53939
2026-10-02T17:00:00+00:00,1.43097
2026-10-02T18:00:00+00:00,1.32597
2026-10-02T19:00:00+00:00,1.23549
2026-10-02T20:00:00+00:00,1.15348
2026-10-02T21:00:00+00:00,1.08003
2026-10-02T22:00:00+00:00,1.01521
2026-10-02T23:00:00+00:00,0.95794
2026-10-03T00:00:00+00:00,0.90465
2026-10-03T01:00:00+00:00,0.85711
2026-10-03T02:00:00+00:00,0.81548
2026-10-03T03:00:00+00:00,0.77867
2026-10-03T04:00:00+00:00,0.74638
2026-10-03T05:00:00+00:00,0.71859
2026-10-03T06:00:00+00:00,0.69374
2026-10-03T07:00:00+00:00,0.67759
2026-10-03T08:00:00+00:00,0.7373
2026-10-03T09:00:00+00:00,0.91433
2026-10-03T10:00:00+00:00,1.0818
2026-10-03T11:00:00+00:00,1.3044
2026-10-03T12:00:00+00:00,1.5477
2026-10-03T13:00:00+00:00,1.68968
2026-10-03T14:00:00+00:00,1.6877
2026-10-03T15:00:00+00:00,1.61902
2026-10-03T16:00:00+00:00,1.55499
2026-10-03T17:00:00+00:00,1.48212
2026-10-03T18:00:00+00:00,1.40742
2026-10-03T19:00:00+00:00,1.32475
2026-10-03T20:00:00+00:00,1.25038
2026-10-03T21:00:00+00:00,1.18562
2026-10-03T22:00:00+00:00,1.12417
2026-10-03T23:00:00+00:00,1.06584
2026-10-04T00:00:00+00:00,1.01121
2026-10-04T01:00:00+00:00,0.9636
2026-10-04T02:00:00+00:00,0.9209
2026-10-04T03:00:00+00:00,0.88115
2026-10-04T04:00:00+00:00,0.84591
2026-10-04T05:00:00+00:00,0.81845
2026-10-04T06:00:00+00:00,0.7992
2026-10-04T07:00:00+00:00,0.79546
2026-10-04T08:00:00+00:00,0.84702
2026-10-04T09:00:00+00:00,1.32868
2026-10-04T10:00:00+00:00,2.1838
2026-10-04T11:00:00+00:00,2.76096
2026-10-04T12:00:00+00:00,3.17627
