# station_id,MAGAT-BATU
# variable,stage
# issue_time,2026-09-27T12:00:00+00:00
# units,m
time_utc,value
2026-09-27T13:00:00+00:00,0.00637
2026-09-27T14:00:00+00:00,0.11815
2026-09-27T15:00:00+00:00,0.26228
2026-09-27T16:00:00+00:00,0.27831
2026-09-27T17:00:00+00:00,0.32683
2026-09-27T18:00:00+00:00,0.32464
2026-09-27T19:00:00+00:00,0.31424
2026-09-27T20:00:00+00:00,0.30876
2026-09-27T21:00:00+00:00,0.30042
2026-09-27T22:00:00+00:00,0.28813
2026-09-27T23:00:00+00:00,0.27419
2026-09-28T00:00:00+00:00,0.25995
2026-09-28T01:00:00+00:00,0.24613
2026-09-28T02:00:00+00:00,0.23313
2026-09-28T03:00:00+00:00,0.22127
2026-09-28T04:00:00+00:00,0.21108
2026-09-28T05:00:00+00:00,0.20443
2026-09-28T06:00:00+00:00,0.20852
2026-09-28T07:00:00+00:00,0.3547
2026-09-28T08:00:00+00:00,1.13504
2026-09-28T09:00:00+00:00,1.32834
2026-09-28T10:00:00+00:00,1.41983
2026-09-28T11:00:00+00:00,1.55245
2026-09-28T12:00:00+00:00,1.60233
2026-09-28T13:00:00+00:00,1.554
2026-09-28T14:00:00+00:00,1.464
2026-09-28T15:00:00+00:00,1.31274
2026-09-28T16:00:00+00:00,1.12864
2026-09-28T17:00:00+00:00,0.95882
2026-09-28T18:00:00+00:00,0.82213
2026-09-28T19:00:00+00:00,0.71723
2026-09-28T20:00:00+00:00,0.63683
2026-09-28T21:00:00+00:00,0.57479
2026-09-28T22:00:00+00:00,0.52612
2026-09-28T23:00:00+00:00,0.48652
2026-09-29T00:00:00+00:00,0.45342
2026-09-29T01:00:00+00:00,0.42624
2026-09-29T02:00:00+00:00,0.40348
2026-09-29T03:00:00+00:00,0.38307
2026-09-29T04:00:00+00:00,0.36932
2026-09-29T05:00:00+00:00,0.39326
2026-09-29T06:00:00+00:00,0.63164
2026-09-29T07:00:00+00:00,0.98861
2026-09-29T08:00:00+00:00,1.12053
2026-09-29T09:00:00+00:00,1.17846
2026-09-29T10:00:00+00:00,1.22831
2026-09-29T11:00:00+00:00,1.25725
2026-09-29T12:00:00+00:00,1.22819
2026-09-29T13:00:00+00:00,1.19401
2026-09-29T14:00:00+00:00,1.12708
2026-09-29T15:00:00+00:00,1.00247
2026-09-29T16:00:00+00:00,0.86713
2026-09-29T17:00:00+00:00,0.75245
2026-09-29T18:00:00+00:00,0.66048
2026-09-29T19:00:00+00:00,0.58677
2026-09-29T20:00:00+00:00,0.52701
2026-09-29T21:00:00+00:00,0.4779
2026-09-29T22:00:00+00:00,0.437
2026-09-29T23:00:00+00:00,0.40252
2026-09-30T00:00:00+00:00,0.3731
2026-09-30T01:00:00+00:00,0.34772
2026-09-30T02:00:00+00:00,0.32564
2026-09-30T03:00:00+00:00,0.30704
2026-09-30T04:00:00+00:00,0.29877
2026-09-30T05:00:00+00:00,0.32848
2026-09-30T06:00:00+00:00,0.46076
2026-09-30T07:00:00+00:00,0.74483
2026-09-30T08:00:00+00:00,0.94035
2026-09-30T09:00:00+00:00,1.09284
2026-09-30T10:00:00+00:00,1.20736
2026-09-30T11:00:00+00:00,1.28286
2026-09-30T12:00:00+00:00,1.32254
2026-09-30T13:00:00+00:00,1.25848
2026-09-30T14:00:00+00:00,1.11447
2026-09-30T15:00:00+00:00,0.96563
2026-09-30T16:00:00+00:00,0.83579
2026-09-30T17:00:00+00:00,0.72756
2026-09-30T18:00:00+00:00,0.64032
2026-09-30T19:00:00+00:00,0.57005
2026-09-30T20:00:00+00:00,0.51297
2026-09-30T21:00:00+00:00,0.4661
2026-09-30T22:00:00+00:00,0.42712
2026-09-30T23:00:00+00:00,0.39423
2026-10-01T00:00:00+00:00,0.36609
2026-10-01T01:00:00+00:00,0.34172
2026-10-01T02:00:00+00:00,0.32047
2026-10-01T03:00:00+00:00,0.30303
2026-10-01T04:00:00+00:00,0.29465
2026-10-01T05:00:00+00:00,0.33682
2026-10-01T06:00:00+00:00,0.65175
2026-10-01T07:00:00+00:00,1.1738
2026-10-01T08:00:00+00:00,1.40001
2026-10-01T09:00:00+00:00,1.51293
2026-10-01T10:00:00+00:00,1.63169
2026-10-01T11:00:00+00:00,1.60034
2026-10-01T12:00:00+00:00,1.47513
2026-10-01T13:00:00+00:00,1.33435
2026-10-01T14:00:00+00:00,1.21922
2026-10-01T15:00:00+00:00,1.1019
2026-10-01T16:00:00+00:00,0.95475
2026-10-01T17:00:00+00:00,0.81688
2026-10-01T18:00:00+00:00,0.70808
2026-10-01T19:00:00+00:00,0.62296
2026-10-01T20:00:00+00:00,0.55586
2026-10-01T21:00:00+00:00,0.50198
2026-10-01T22:00:00+00:00,0.45762
2026-10-01T23:00:00+00:00,0.42038
2026-10-02T00:00:00+00:00,0.38869
2026-10-02T01:00:00+00:00,0.36144
2026-10-02T02:00:00+00:00,0.3378
2026-10-02T03:00:00+00:00,0.31729
2026-10-02T04:00:00+00:00,0.30001
2026-10-02T05:00:00+00:00,0.28715
2026-10-02T06:00:00+00:00,0.28547
2026-10-02T07:00:00+00:00,0.33577
2026-10-02T08:00:00+00:00,0.55894
2026-10-02T09:00:00+00:00,0.81816
2026-10-02T10:00:00+00:00,0.94083
2026-10-02T11:00:00+00:00,0.97409
2026-10-02T12:00:00+00:00,0.97034
2026-10-02T13:00:00+00:00,0.92423
2026-10-02T14:00:00+00:00,0.82455
2026-10-02T15:00:00+00:00,0.72531
2026-10-02T16:00:00+00:00,0.64146
2026-10-02T17:00:00+00:00,0.57252
2026-10-02T18:00:00+00:00,0.51561
2026-10-02T19:00:00+00:00,0.46823
2026-10-02T20:00:00+00:00,0.42839
2026-10-02T21:00:00+00:00,0.39456
2026-10-02T22:00:00+00:00,0.36556
2026-10-02T23:00:00+00:00,0.34048
2026-10-03T00:00:00+00:00,0.31859
2026-10-03T01:00:00+00:00,0.29936
2026-10-03T02:00:00+00:00,0.28235
2026-10-03T03:00:00+00:00,0.26719
2026-10-03T04:00:00+00:00,0.2536
2026-10-03T05:00:00+00:00,0.24136
2026-10-03T06:00:00+00:00,0.23028
2026-10-03T07:00:00+00:00,0.22095
2026-10-03T08:00:00+00:00,0.2142
2026-10-03T09:00:00+00:00,0.21133
2026-10-03T10:00:00+00:00,0.21792
2026-10-03T11:00:00+00:00,0.24216
2026-10-03T12:00:00+00:00,0.28268
2026-10-03T13:00:00+00:00,0.35833
2026-10-03T14:00:00+00:00,0.47936
2026-10-03T15:00:00+00:00,0.52533
2026-10-03T16:00:00+00:00,0.5239
2026-10-03T17:00:00+00:00,0.50335
2026-10-03T18:00:00+00:00,0.47412
2026-10-03T19:00:00+00:00,0.44267
2026-10-03T20:00:00+00:00,0.41185
2026-10-03T21:00:00+00:00,0.38299
2026-10-03T22:00:00+00:00,0.35689
2026-10-03T23:00:00+00:00,0.33378
2026-10-04T00:00:00+00:00,0.31355
2026-10-04T01:00:00+00:00,0.29604
2026-10-04T02:00:00+00:00,0.28146
2026-10-04T03:00:00+00:00,0.27068
2026-10-04T04:00:00+00:00,0.27193
2026-10-04T05:00:00+00:00,0.33186
2026-10-04T06:00:00+00:00,0.58497
2026-10-04T07:00:00+00:00,0.94059
2026-10-04T08:00:00+00:00,1.38767
2026-10-04T09:00:00+00:00,1.62517
2026-10-04T10:00:00+00:00,2.08595
2026-10-04T11:00:00+00:00,2.54152
2026-10-04T12:00:00+00:00,2.67208
