# station_id,MAGAT-LAMO
# variable,discharge
# issue_time,2026-09-27T12:00:00+00:00
# units,m3/s
time_utc,value
2026-09-27T13:00:00+00:00,0.02039
2026-09-27T14:00:00+00:00,0.55263
2026-09-27T15:00:00+00:00,3.62312
2026-09-27T16:00:00+00:00,11.18523
2026-09-27T17:00:00+00:00,13.44905
2026-09-27T18:00:00+00:00,11.79375
2026-09-27T19:00:00+00:00,9.67629
2026-09-27T20:00:00+00:00,7.86876
2026-09-27T21:00:00+00:00,6.44488
2026-09-27T22:00:00+00:00,5.34012
2026-09-27T23:00:00+00:00,4.47909
2026-09-28T00:00:00+00:00,3.80063
2026-09-28T01:00:00+00:00,3.25918
2026-09-28T02:00:00+00:00,2.82174
2026-09-28T03:00:00+00:00,2.46752
2026-09-28T04:00:00+00:00,2.18951
2026-09-28T05:00:00+00:00,2.01891
2026-09-28T06:00:00+00:00,2.01387
2026-09-28T07:00:00+00:00,2.76809
2026-09-28T08:00:00+00:00,9.98296
2026-09-28T09:00:00+00:00,31.00423
2026-09-28T10:00:00+00:00,47.15034
2026-09-28T11:00:00+00:00,73.51668
2026-09-28T12:00:00+00:00,65.28048
2026-09-28T13:00:00+00:00,50.82489
2026-09-28T14:00:00+00:00,50.43307
2026-09-28T15:00:00+00:00,51.72688
2026-09-28T16:00:00+00:00,44.06134
2026-09-28T17:00:00+00:00,32.56847
2026-09-28T18:00:00+00:00,23.6937
2026-09-28T19:00:00+00:00,17.65254
2026-09-28T20:00:00+00:00,13.5313
2026-09-28T21:00:00+00:00,10.64269
2026-09-28T22:00:00+00:00,8.55711
2026-09-28T23:00:00+00:00,7.00972
2026-09-29T00:00:00+00:00,5.83347
2026-09-29T01:00:00+00:00,4.91874
2026-09-29T02:00:00+00:00,4.19406
2026-09-29T03:00:00+00:00,3.61827
2026-09-29T04:00:00+00:00,3.2023
2026-09-29T05:00:00+00:00,3.21263
2026-09-29T06:00:00+00:00,4.60705
2026-09-29T07:00:00+00:00,11.63134
2026-09-29T08:00:00+00:00,27.42995
2026-09-29T09:00:00+00:00,41.4544
2026-09-29T10:00:00+00:00,50.41717
2026-09-29T11:00:00+00:00,53.22828
2026-09-29T12:00:00+00:00,51.39202
2026-09-29T13:00:00+00:00,51.51105
2026-09-29T14:00:00+00:00,48.88107
2026-09-29T15:00:00+00:00,39.66961
2026-09-29T16:00:00+00:00,29.20271
2026-09-29T17:00:00+00:00,21.43958
2026-09-29T18:00:00+00:00,16.12515
2026-09-29T19:00:00+00:00,12.46129
2026-09-29T20:00:00+00:00,9.86811
2026-09-29T21:00:00+00:00,7.98003
2026-09-29T22:00:00+00:00,6.56908
2026-09-29T23:00:00+00:00,5.48889
2026-09-30T00:00:00+00:00,4.64392
2026-09-30T01:00:00+00:00,3.97185
2026-09-30T02:00:00+00:00,3.42979
2026-09-30T03:00:00+00:00,3.0066
2026-09-30T04:00:00+00:00,2.92668
2026-09-30T05:00:00+00:00,3.80689
2026-09-30T06:00:00+00:00,6.71894
2026-09-30T07:00:00+00:00,14.0506
2026-09-30T08:00:00+00:00,24.41571
2026-09-30T09:00:00+00:00,39.26835
2026-09-30T10:00:00+00:00,58.02732
2026-09-30T11:00:00+00:00,59.22776
2026-09-30T12:00:00+00:00,54.14296
2026-09-30T13:00:00+00:00,53.42952
2026-09-30T14:00:00+00:00,43.96614
2026-09-30T15:00:00+00:00,32.99738
2026-09-30T16:00:00+00:00,24.3945
2026-09-30T17:00:00+00:00,18.25965
2026-09-30T18:00:00+00:00,13.98885
2026-09-30T19:00:00+00:00,10.97747
2026-09-30T20:00:00+00:00,8.8029
2026-09-30T21:00:00+00:00,7.19278
2026-09-30T22:00:00+00:00,5.97184
2026-09-30T23:00:00+00:00,5.02483
2026-10-01T00:00:00+00:00,4.27686
2026-10-01T01:00:00+00:00,3.67731
2026-10-01T02:00:00+00:00,3.19134
2026-10-01T03:00:00+00:00,2.83397
2026-10-01T04:00:00+00:00,2.70454
2026-10-01T05:00:00+00:00,3.54708
2026-10-01T06:00:00+00:00,14.59319
2026-10-01T07:00:00+00:00,41.32087
2026-10-01T08:00:00+00:00,58.92151
2026-10-01T09:00:00+00:00,65.57183
2026-10-01T10:00:00+00:00,68.67146
2026-10-01T11:00:00+00:00,61.11693
2026-10-01T12:00:00+00:00,47.22657
2026-10-01T13:00:00+00:00,34.95063
2026-10-01T14:00:00+00:00,25.86963
2026-10-01T15:00:00+00:00,19.48596
2026-10-01T16:00:00+00:00,15.00664
2026-10-01T17:00:00+00:00,11.82876
2026-10-01T18:00:00+00:00,9.50419
2026-10-01T19:00:00+00:00,7.76302
2026-10-01T20:00:00+00:00,6.44136
2026-10-01T21:00:00+00:00,5.42698
2026-10-01T22:00:00+00:00,4.63637
2026-10-01T23:00:00+00:00,4.00178
2026-10-02T00:00:00+00:00,3.48127
2026-10-02T01:00:00+00:00,3.04903
2026-10-02T02:00:00+00:00,2.68704
2026-10-02T03:00:00+00:00,2.38166
2026-10-02T04:00:00+00:00,2.12248
2026-10-02T05:00:00+00:00,1.91001
2026-10-02T06:00:00+00:00,1.78545
2026-10-02T07:00:00+00:00,2.20623
2026-10-02T08:00:00+00:00,4.81723
2026-10-02T09:00:00+00:00,12.22626
2026-10-02T10:00:00+00:00,22.66051
2026-10-02T11:00:00+00:00,30.20422
2026-10-02T12:00:00+00:00,34.48184
2026-10-02T13:00:00+00:00,33.60709
2026-10-02T14:00:00+00:00,26.92665
2026-10-02T15:00:00+00:00,20.31448
2026-10-02T16:00:00+00:00,15.40765
2026-10-02T17:00:00+00:00,11.9363
2026-10-02T18:00:00+00:00,9.45704
2026-10-02T19:00:00+00:00,7.64476
2026-10-02T20:00:00+00:00,6.28832
2026-10-02T21:00:00+00:00,5.25091
2026-10-02T22:00:00+00:00,4.44204
2026-10-02T23:00:00+00:00,3.80053
2026-10-03T00:00:00+00:00,3.284
2026-10-03T01:00:00+00:00,2.86252
2026-10-03T02:00:00+00:00,2.51451
2026-10-03T03:00:00+00:00,2.22409
2026-10-03T04:00:00+00:00,1.97943
2026-10-03T05:00:00+00:00,1.77155
2026-10-03T06:00:00+00:00,1.59356
2026-10-03T07:00:00+00:00,1.45924
2026-10-03T08:00:00+00:00,1.40726
2026-10-03T09:00:00+00:00,1.45384
2026-10-03T10:00:00+00:00,1.72444
2026-10-03T11:00:00+00:00,2.59732
2026-10-03T12:00:00+00:00,4.82098
2026-10-03T13:00:00+00:00,8.74205
2026-10-03T14:00:00+00:00,11.64755
2026-10-03T15:00:00+00:00,12.14851
2026-10-03T16:00:00+00:00,11.40221
2026-10-03T17:00:00+00:00,10.07788
2026-10-03T18:00:00+00:00,8.60537
2026-10-03T19:00:00+00:00,7.25102
2026-10-03T20:00:00+00:00,6.10779
2026-10-03T21:00:00+00:00,5.17325
2026-10-03T22:00:00+00:00,4.41317
2026-10-03T23:00:00+00:00,3.79367
2026-10-04T00:00:00+00:00,3.28611
2026-10-04T01:00:00+00:00,2.86741
2026-10-04T02:00:00+00:00,2.51937
2026-10-04T03:00:00+00:00,2.22781
2026-10-04T04:00:00+00:00,2.12938
2026-10-04T05:00:00+00:00,2.51653
2026-10-04T06:00:00+00:00,3.5299
2026-10-04T07:00:00+00:00,7.86248
2026-10-04T08:00:00+00:00,24.85255
2026-10-04T09:00:00+00:00,52.3983
2026-10-04T10:00:00+00:00,76.56994
2026-10-04T11:00:00+00:00,103.67389
2026-10-04T12:00:00+00:00,121.77978
