# station_id,MAGAT-R1
# variable,stage
# issue_time,2026-09-27T12:00:00+00:00
# units,m
time_utc,value
2026-09-27T13:00:00+00:00,0.00089
2026-09-27T14:00:00+00:00,0.00415
2026-09-27T15:00:00+00:00,0.01385
2026-09-27T16:00:00+00:00,0.04114
2026-09-27T17:00:00+00:00,0.09567
2026-09-27T18:00:00+00:00,0.17745
2026-09-27T19:00:00+00:00,0.33732
2026-09-27T20:00:00+00:00,0.45055
2026-09-27T21:00:00+00:00,0.49867
2026-09-27T22:00:00+00:00,0.51884
2026-09-27T23:00:00+00:00,0.52608
2026-09-28T00:00:00+00:00,0.53496
2026-09-28T01:00:00+00:00,0.54622
2026-09-28T02:00:00+00:00,0.54941
2026-09-28T03:00:00+00:00,0.54118
2026-09-28T04:00:00+00:00,0.52428
2026-09-28T05:00:00+00:00,0.50312
2026-09-28T06:00:00+00:00,0.48184
2026-09-28T07:00:00+00:00,0.48886
2026-09-28T08:00:00+00:00,0.96918
2026-09-28T09:00:00+00:00,1.63707
2026-09-28T10:00:00+00:00,2.40964
2026-09-28T11:00:00+00:00,2.82173
2026-09-28T12:00:00+00:00,2.99311
2026-09-28T13:00:00+00:00,2.97152
2026-09-28T14:00:00+00:00,2.84653
2026-09-28T15:00:00+00:00,2.67171
2026-09-28T16:00:00+00:00,2.45415
2026-09-28T17:00:00+00:00,2.19733
2026-09-28T18:00:00+00:00,1.95071
2026-09-28T19:00:00+00:00,1.7311
2026-09-28T20:00:00+00:00,1.55366
2026-09-28T21:00:00+00:00,1.41054
2026-09-28T22:00:00+00:00,1.31119
2026-09-28T23:00:00+00:00,1.25283
2026-09-29T00:00:00+00:00,1.20124
2026-09-29T01:00:00+00:00,1.13466
2026-09-29T02:00:00+00:00,1.06837
2026-09-29T03:00:00+00:00,1.00561
2026-09-29T04:00:00+00:00,0.94775
2026-09-29T05:00:00+00:00,0.90115
2026-09-29T06:00:00+00:00,0.97712
2026-09-29T07:00:00+00:00,1.33595
2026-09-29T08:00:00+00:00,1.69955
2026-09-29T09:00:00+00:00,2.06177
2026-09-29T10:00:00+00:00,2.32508
2026-09-29T11:00:00+00:00,2.57238
2026-09-29T12:00:00+00:00,2.66554
2026-09-29T13:00:00+00:00,2.60359
2026-09-29T14:00:00+00:00,2.46378
2026-09-29T15:00:00+00:00,2.28827
2026-09-29T16:00:00+00:00,2.06824
2026-09-29T17:00:00+00:00,1.85523
2026-09-29T18:00:00+00:00,1.65971
2026-09-29T19:00:00+00:00,1.49256
2026-09-29T20:00:00+00:00,1.34914
2026-09-29T21:00:00+00:00,1.22552
2026-09-29T22:00:00+00:00,1.12245
2026-09-29T23:00:00+00:00,1.0406
2026-09-30T00:00:00+00:00,0.96864
2026-09-30T01:00:00+00:00,0.90429
2026-09-30T02:00:00+00:00,0.8434
2026-09-30T03:00:00+00:00,0.79197
2026-09-30T04:00:00+00:00,0.74986
2026-09-30T05:00:00+00:00,0.7202
2026-09-30T06:00:00+00:00,0.74638
2026-09-30T07:00:00+00:00,0.9861
2026-09-30T08:00:00+00:00,1.28961
2026-09-30T09:00:00+00:00,1.59999
2026-09-30T10:00:00+00:00,1.96964
2026-09-30T11:00:00+00:00,2.3142
2026-09-30T12:00:00+00:00,2.55461
2026-09-30T13:00:00+00:00,2.61333
2026-09-30T14:00:00+00:00,2.51431
2026-09-30T15:00:00+00:00,2.30522
2026-09-30T16:00:00+00:00,2.0655
2026-09-30T17:00:00+00:00,1.8342
2026-09-30T18:00:00+00:00,1.63649
2026-09-30T19:00:00+00:00,1.47182
2026-09-30T20:00:00+00:00,1.32879
2026-09-30T21:00:00+00:00,1.21022
2026-09-30T22:00:00+00:00,1.10887
2026-09-30T23:00:00+00:00,1.02323
2026-10-01T00:00:00+00:00,0.95343
2026-10-01T01:00:00+00:00,0.8906
2026-10-01T02:00:00+00:00,0.83324
2026-10-01T03:00:00+00:00,0.78031
2026-10-01T04:00:00+00:00,0.73875
2026-10-01T05:00:00+00:00,0.70993
2026-10-01T06:00:00+00:00,0.70648
2026-10-01T07:00:00+00:00,0.91049
2026-10-01T08:00:00+00:00,1.63866
2026-10-01T09:00:00+00:00,2.33165
2026-10-01T10:00:00+00:00,2.77115
2026-10-01T11:00:00+00:00,3.12042
2026-10-01T12:00:00+00:00,3.20217
2026-10-01T13:00:00+00:00,3.03668
2026-10-01T14:00:00+00:00,2.78545
2026-10-01T15:00:00+00:00,2.50492
2026-10-01T16:00:00+00:00,2.23713
2026-10-01T17:00:00+00:00,1.98776
2026-10-01T18:00:00+00:00,1.76876
2026-10-01T19:00:00+00:00,1.57993
2026-10-01T20:00:00+00:00,1.42082
2026-10-01T21:00:00+00:00,1.28991
2026-10-01T22:00:00+00:00,1.18028
2026-10-01T23:00:00+00:00,1.09346
2026-10-02T00:00:00+00:00,1.01521
2026-10-02T01:00:00+00:00,0.94837
2026-10-02T02:00:00+00:00,0.88923
2026-10-02T03:00:00+00:00,0.83476
2026-10-02T04:00:00+00:00,0.78582
2026-10-02T05:00:00+00:00,0.74335
2026-10-02T06:00:00+00:00,0.7125
2026-10-02T07:00:00+00:00,0.70229
2026-10-02T08:00:00+00:00,0.73311
2026-10-02T09:00:00+00:00,0.83708
2026-10-02T10:00:00+00:00,1.0605
2026-10-02T11:00:00+00:00,1.372
2026-10-02T12:00:00+00:00,1.55523
2026-10-02T13:00:00+00:00,1.60457
2026-10-02T14:00:00+00:00,1.58577
2026-10-02T15:00:00+00:00,1.49793
2026-10-02T16:00:00+00:00,1.38564
2026-10-02T17:00:00+00:00,1.26955
2026-10-02T18:00:00+00:00,1.16736
2026-10-02T19:00:00+00:00,1.07678
2026-10-02T20:00:00+00:00,0.99624
2026-10-02T21:00:00+00:00,0.92448
2026-10-02T22:00:00+00:00,0.86231
2026-10-02T23:00:00+00:00,0.8056
2026-10-03T00:00:00+00:00,0.75336
2026-10-03T01:00:00+00:00,0.70972
2026-10-03T02:00:00+00:00,0.67099
2026-10-03T03:00:00+00:00,0.63695
2026-10-03T04:00:00+00:00,0.60809
2026-10-03T05:00:00+00:00,0.58078
2026-10-03T06:00:00+00:00,0.55551
2026-10-03T07:00:00+00:00,0.54838
2026-10-03T08:00:00+00:00,0.6655
2026-10-03T09:00:00+00:00,0.79394
2026-10-03T10:00:00+00:00,0.92976
2026-10-03T11:00:00+00:00,1.17201
2026-10-03T12:00:00+00:00,1.38361
2026-10-03T13:00:00+00:00,1.49831
2026-10-03T14:00:00+00:00,1.47033
2026-10-03T15:00:00+00:00,1.42044
2026-10-03T16:00:00+00:00,1.36657
2026-10-03T17:00:00+00:00,1.29936
2026-10-03T18:00:00+00:00,1.22145
2026-10-03T19:00:00+00:00,1.14253
2026-10-03T20:00:00+00:00,1.07746
2026-10-03T21:00:00+00:00,1.01481
2026-10-03T22:00:00+00:00,0.95502
2026-10-03T23:00:00+00:00,0.89653
2026-10-04T00:00:00+00:00,0.84507
2026-10-04T01:00:00+00:00,0.80166
2026-10-04T02:00:00+00:00,0.76112
2026-10-04T03:00:00+00:00,0.72463
2026-10-04T04:00:00+00:00,0.69588
2026-10-04T05:00:00+00:00,0.67518
2026-10-04T06:00:00+00:00,0.6665
2026-10-04T07:00:00+00:00,0.6931
2026-10-04T08:00:00+00:00,0.89305
2026-10-04T09:00:00+00:00,1.68995
2026-10-04T10:00:00+00:00,2.27076
2026-10-04T11:00:00+00:00,2.82377
2026-10-04T12:00:00+00:00,3.15714
