# station_id,MAGAT-SANLORENZO
# variable,discharge
# issue_time,2026-09-27T08:00:00+00:00
# units,m3/s
time_utc,value
2026-09-27T09:00:00+00:00,0.02505
2026-09-27T10:00:00+00:00,0.16748
2026-09-27T11:00:00+00:00,0.78058
2026-09-27T12:00:00+00:00,5.79836
2026-09-27T13:00:00+00:00,-29.97194
2026-09-27T14:00:00+00:00,-20.48038
2026-09-27T15:00:00+00:00,249.65968
2026-09-27T16:00:00+00:00,453.8503
2026-09-27T17:00:00+00:00,469.36466
2026-09-27T18:00:00+00:00,409.28743
2026-09-27T19:00:00+00:00,347.22696
2026-09-27T20:00:00+00:00,276.4546
2026-09-27T21:00:00+00:00,241.17892
2026-09-27T22:00:00+00:00,201.97228
2026-09-27T23:00:00+00:00,171.0499
2026-09-28T00:00:00+00:00,145.90641
2026-09-28T01:00:00+00:00,122.65626
2026-09-28T02:00:00+00:00,107.89653
2026-09-28T03:00:00+00:00,93.82031
2026-09-28T04:00:00+00:00,85.27609
2026-09-28T05:00:00+00:00,73.78479
2026-09-28T06:00:00+00:00,8.98674
2026-09-28T07:00:00+00:00,-24.53803
2026-09-28T08:00:00+00:00,223.09149
2026-09-28T09:00:00+00:00,641.63664
2026-09-28T10:00:00+00:00,1014.16714
2026-09-28T11:00:00+00:00,1067.97851
2026-09-28T12:00:00+00:00,1437.96318
2026-09-28T13:00:00+00:00,1918.49676
2026-09-28T14:00:00+00:00,1974.616
2026-09-28T15:00:00+00:00,2062.1436
2026-09-28T16:00:00+00:00,1815.94961
2026-09-28T17:00:00+00:00,1607.3224
2026-09-28T18:00:00+00:00,1168.83073
2026-09-28T19:00:00+00:00,794.23297
2026-09-28T20:00:00+00:00,581.61675
2026-09-28T21:00:00+00:00,461.77138
2026-09-28T22:00:00+00:00,352.563
2026-09-28T23:00:00+00:00,280.32113
2026-09-29T00:00:00+00:00,237.68608
2026-09-29T01:00:00+00:00,207.73665
2026-09-29T02:00:00+00:00,181.34245
2026-09-29T03:00:00+00:00,157.92262
2026-09-29T04:00:00+00:00,137.47045
2026-09-29T05:00:00+00:00,123.11641
2026-09-29T06:00:00+00:00,116.51403
2026-09-29T07:00:00+00:00,116.10009
2026-09-29T08:00:00+00:00,282.35372
2026-09-29T09:00:00+00:00,618.92205
2026-09-29T10:00:00+00:00,891.74026
2026-09-29T11:00:00+00:00,1067.16339
2026-09-29T12:00:00+00:00,1207.98539
2026-09-29T13:00:00+00:00,1272.03607
2026-09-29T14:00:00+00:00,1165.04361
2026-09-29T15:00:00+00:00,1015.3951
2026-09-29T16:00:00+00:00,807.42493
2026-09-29T17:00:00+00:00,636.93686
2026-09-29T18:00:00+00:00,502.68743
2026-09-29T19:00:00+00:00,405.14341
2026-09-29T20:00:00+00:00,324.65678
2026-09-29T21:00:00+00:00,268.99325
2026-09-29T22:00:00+00:00,226.32847
2026-09-29T23:00:00+00:00,195.36003
2026-09-30T00:00:00+00:00,170.15303
2026-09-30T01:00:00+00:00,148.00236
2026-09-30T02:00:00+00:00,126.43907
2026-09-30T03:00:00+00:00,112.66272
2026-09-30T04:00:00+00:00,100.78164
2026-09-30T05:00:00+00:00,92.45628
2026-09-30T06:00:00+00:00,90.92676
2026-09-30T07:00:00+00:00,68.63866
2026-09-30T08:00:00+00:00,215.73051
2026-09-30T09:00:00+00:00,547.01254
2026-09-30T10:00:00+00:00,878.33721
2026-09-30T11:00:00+00:00,1162.63842
2026-09-30T12:00:00+00:00,1332.26646
2026-09-30T13:00:00+00:00,1386.3989
2026-09-30T14:00:00+00:00,1293.5982
2026-09-30T15:00:00+00:00,1056.17764
2026-09-30T16:00:00+00:00,836.04657
2026-09-30T17:00:00+00:00,634.44228
2026-09-30T18:00:00+00:00,497.30851
2026-09-30T19:00:00+00:00,402.20129
2026-09-30T20:00:00+00:00,324.90522
2026-09-30T21:00:00+00:00,266.37599
2026-09-30T22:00:00+00:00,234.12094
2026-09-30T23:00:00+00:00,201.05908
2026-10-01T00:00:00+00:00,173.85017
2026-10-01T01:00:00+00:00,153.82279
2026-10-01T02:00:00+00:00,134.42955
2026-10-01T03:00:00+00:00,118.80299
2026-10-01T04:00:00+00:00,109.29258
2026-10-01T05:00:00+00:00,106.00986
2026-10-01T06:00:00+00:00,154.45771
2026-10-01T07:00:00+00:00,699.43497
2026-10-01T08:00:00+00:00,1346.16934
2026-10-01T09:00:00+00:00,2126.10317
2026-10-01T10:00:00+00:00,2413.0128
2026-10-01T11:00:00+00:00,2225.71944
2026-10-01T12:00:00+00:00,1997.53816
2026-10-01T13:00:00+00:00,1733.01619
2026-10-01T14:00:00+00:00,1651.71793
2026-10-01T15:00:00+00:00,1353.6707
2026-10-01T16:00:00+00:00,1019.31071
2026-10-01T17:00:00+00:00,693.06839
2026-10-01T18:00:00+00:00,525.90924
2026-10-01T19:00:00+00:00,410.57603
2026-10-01T20:00:00+00:00,312.6195
2026-10-01T21:00:00+00:00,264.65837
2026-10-01T22:00:00+00:00,225.27032
2026-10-01T23:00:00+00:00,189.78326
2026-10-02T00:00:00+00:00,164.36901
2026-10-02T01:00:00+00:00,143.2712
2026-10-02T02:00:00+00:00,123.47959
2026-10-02T03:00:00+00:00,111.93714
2026-10-02T04:00:00+00:00,99.42198
2026-10-02T05:00:00+00:00,89.75392
2026-10-02T06:00:00+00:00,83.99278
2026-10-02T07:00:00+00:00,80.36144
2026-10-02T08:00:00+00:00,78.75488
2026-10-02T09:00:00+00:00,88.18509
2026-10-02T10:00:00+00:00,156.35738
2026-10-02T11:00:00+00:00,301.19073
2026-10-02T12:00:00+00:00,397.81049
2026-10-02T13:00:00+00:00,414.55169
2026-10-02T14:00:00+00:00,398.89863
2026-10-02T15:00:00+00:00,348.55319
2026-10-02T16:00:00+00:00,293.62873
2026-10-02T17:00:00+00:00,250.67694
2026-10-02T18:00:00+00:00,212.74963
2026-10-02T19:00:00+00:00,182.23862
2026-10-02T20:00:00+00:00,156.94999
2026-10-02T21:00:00+00:00,133.94566
2026-10-02T22:00:00+00:00,116.65953
2026-10-02T23:00:00+00:00,102.25678
2026-10-03T00:00:00+00:00,91.66536
2026-10-03T01:00:00+00:00,82.21325
2026-10-03T02:00:00+00:00,75.31359
2026-10-03T03:00:00+00:00,68.35276
2026-10-03T04:00:00+00:00,61.90746
2026-10-03T05:00:00+00:00,56.24404
2026-10-03T06:00:00+00:00,51.32459
2026-10-03T07:00:00+00:00,47.0971
2026-10-03T08:00:00+00:00,43.59603
2026-10-03T09:00:00+00:00,40.11864
2026-10-03T10:00:00+00:00,32.11491
2026-10-03T11:00:00+00:00,21.71447
2026-10-03T12:00:00+00:00,17.28468
2026-10-03T13:00:00+00:00,25.79464
2026-10-03T14:00:00+00:00,42.27331
2026-10-03T15:00:00+00:00,64.80814
2026-10-03T16:00:00+00:00,88.3534
2026-10-03T17:00:00+00:00,107.67014
2026-10-03T18:00:00+00:00,115.71174
2026-10-03T19:00:00+00:00,119.16969
2026-10-03T20:00:00+00:00,113.42248
2026-10-03T21:00:00+00:00,107.98909
2026-10-03T22:00:00+00:00,100.36868
2026-10-03T23:00:00+00:00,91.64726
2026-10-04T00:00:00+00:00,84.39688
2026-10-04T01:00:00+00:00,77.86672
2026-10-04T02:00:00+00:00,71.92608
2026-10-04T03:00:00+00:00,65.67106
2026-10-04T04:00:00+00:00,60.17251
2026-10-04T05:00:00+00:00,56.32733
2026-10-04T06:00:00+00:00,54.87024
2026-10-04T07:00:00+00:00,63.25187
2026-10-04T08:00:00+00:00,172.30086
