# station_id,MAGAT-IBULAO
# variable,discharge
# issue_time,2026-09-27T12:00:00+00:00
# units,m3/s
time_utc,value
2026-09-27T13:00:00+00:00,0.00066
2026-09-27T14:00:00+00:00,0.03727
2026-09-27T15:00:00+00:00,0.59107
2026-09-27T16:00:00+00:00,1.25185
2026-09-27T17:00:00+00:00,1.69407
2026-09-27T18:00:00+00:00,2.02823
2026-09-27T19:00:00+00:00,2.41353
2026-09-27T20:00:00+00:00,2.95584
2026-09-27T21:00:00+00:00,3.56461
2026-09-27T22:00:00+00:00,4.11577
2026-09-27T23:00:00+00:00,4.44652
2026-09-28T00:00:00+00:00,4.58177
2026-09-28T01:00:00+00:00,4.64116
2026-09-28T02:00:00+00:00,4.84926
2026-09-28T03:00:00+00:00,6.02048
2026-09-28T04:00:00+00:00,15.39743
2026-09-28T05:00:00+00:00,71.9538
2026-09-28T06:00:00+00:00,267.50767
2026-09-28T07:00:00+00:00,443.45355
2026-09-28T08:00:00+00:00,453.97873
2026-09-28T09:00:00+00:00,478.53336
2026-09-28T10:00:00+00:00,522.65488
2026-09-28T11:00:00+00:00,554.22549
2026-09-28T12:00:00+00:00,478.37968
2026-09-28T13:00:00+00:00,356.27518
2026-09-28T14:00:00+00:00,250.52356
2026-09-28T15:00:00+00:00,180.9279
2026-09-28T16:00:00+00:00,135.70206
2026-09-28T17:00:00+00:00,105.87799
2026-09-28T18:00:00+00:00,83.01252
2026-09-28T19:00:00+00:00,66.72033
2026-09-28T20:00:00+00:00,61.97458
2026-09-28T21:00:00+00:00,75.71258
2026-09-28T22:00:00+00:00,102.03359
2026-09-28T23:00:00+00:00,101.8489
2026-09-29T00:00:00+00:00,91.39808
2026-09-29T01:00:00+00:00,78.25686
2026-09-29T02:00:00+00:00,65.36609
2026-09-29T03:00:00+00:00,58.71299
2026-09-29T04:00:00+00:00,79.54879
2026-09-29T05:00:00+00:00,192.68324
2026-09-29T06:00:00+00:00,354.11243
2026-09-29T07:00:00+00:00,406.31378
2026-09-29T08:00:00+00:00,420.0129
2026-09-29T09:00:00+00:00,428.79383
2026-09-29T10:00:00+00:00,448.19457
2026-09-29T11:00:00+00:00,465.57136
2026-09-29T12:00:00+00:00,407.48352
2026-09-29T13:00:00+00:00,319.54519
2026-09-29T14:00:00+00:00,251.2982
2026-09-29T15:00:00+00:00,191.13485
2026-09-29T16:00:00+00:00,143.59569
2026-09-29T17:00:00+00:00,107.82954
2026-09-29T18:00:00+00:00,81.84796
2026-09-29T19:00:00+00:00,63.46425
2026-09-29T20:00:00+00:00,50.37891
2026-09-29T21:00:00+00:00,40.87551
2026-09-29T22:00:00+00:00,33.80204
2026-09-29T23:00:00+00:00,28.41081
2026-09-30T00:00:00+00:00,24.21315
2026-09-30T01:00:00+00:00,20.99517
2026-09-30T02:00:00+00:00,18.86497
2026-09-30T03:00:00+00:00,19.56859
2026-09-30T04:00:00+00:00,37.83718
2026-09-30T05:00:00+00:00,140.79111
2026-09-30T06:00:00+00:00,262.94813
2026-09-30T07:00:00+00:00,286.13149
2026-09-30T08:00:00+00:00,273.67934
2026-09-30T09:00:00+00:00,333.85807
2026-09-30T10:00:00+00:00,377.93972
2026-09-30T11:00:00+00:00,420.47822
2026-09-30T12:00:00+00:00,429.47902
2026-09-30T13:00:00+00:00,373.64316
2026-09-30T14:00:00+00:00,289.63099
2026-09-30T15:00:00+00:00,215.99554
2026-09-30T16:00:00+00:00,156.9691
2026-09-30T17:00:00+00:00,115.39173
2026-09-30T18:00:00+00:00,86.74579
2026-09-30T19:00:00+00:00,66.86301
2026-09-30T20:00:00+00:00,52.86684
2026-09-30T21:00:00+00:00,42.71839
2026-09-30T22:00:00+00:00,35.15021
2026-09-30T23:00:00+00:00,29.37121
2026-10-01T00:00:00+00:00,24.87214
2026-10-01T01:00:00+00:00,21.31123
2026-10-01T02:00:00+00:00,18.61789
2026-10-01T03:00:00+00:00,17.89521
2026-10-01T04:00:00+00:00,25.48127
2026-10-01T05:00:00+00:00,105.87783
2026-10-01T06:00:00+00:00,225.89909
2026-10-01T07:00:00+00:00,291.05118
2026-10-01T08:00:00+00:00,359.55209
2026-10-01T09:00:00+00:00,437.77654
2026-10-01T10:00:00+00:00,511.0727
2026-10-01T11:00:00+00:00,517.65544
2026-10-01T12:00:00+00:00,423.22899
2026-10-01T13:00:00+00:00,317.07981
2026-10-01T14:00:00+00:00,235.55057
2026-10-01T15:00:00+00:00,175.28461
2026-10-01T16:00:00+00:00,130.79971
2026-10-01T17:00:00+00:00,98.08792
2026-10-01T18:00:00+00:00,75.16801
2026-10-01T19:00:00+00:00,59.32288
2026-10-01T20:00:00+00:00,48.14339
2026-10-01T21:00:00+00:00,39.78761
2026-10-01T22:00:00+00:00,33.28993
2026-10-01T23:00:00+00:00,28.13826
2026-10-02T00:00:00+00:00,24.01717
2026-10-02T01:00:00+00:00,20.69724
2026-10-02T02:00:00+00:00,17.99431
2026-10-02T03:00:00+00:00,16.21191
2026-10-02T04:00:00+00:00,15.44888
2026-10-02T05:00:00+00:00,16.10008
2026-10-02T06:00:00+00:00,21.57395
2026-10-02T07:00:00+00:00,37.62065
2026-10-02T08:00:00+00:00,70.14503
2026-10-02T09:00:00+00:00,96.38049
2026-10-02T10:00:00+00:00,105.18193
2026-10-02T11:00:00+00:00,98.17843
2026-10-02T12:00:00+00:00,84.359
2026-10-02T13:00:00+00:00,70.4948
2026-10-02T14:00:00+00:00,58.05805
2026-10-02T15:00:00+00:00,47.74076
2026-10-02T16:00:00+00:00,39.51108
2026-10-02T17:00:00+00:00,32.95741
2026-10-02T18:00:00+00:00,27.70316
2026-10-02T19:00:00+00:00,23.46646
2026-10-02T20:00:00+00:00,20.03981
2026-10-02T21:00:00+00:00,17.25721
2026-10-02T22:00:00+00:00,14.98423
2026-10-02T23:00:00+00:00,13.1137
2026-10-03T00:00:00+00:00,11.56195
2026-10-03T01:00:00+00:00,10.27377
2026-10-03T02:00:00+00:00,9.21467
2026-10-03T03:00:00+00:00,8.32876
2026-10-03T04:00:00+00:00,7.84502
2026-10-03T05:00:00+00:00,8.78224
2026-10-03T06:00:00+00:00,12.91866
2026-10-03T07:00:00+00:00,36.6462
2026-10-03T08:00:00+00:00,78.54708
2026-10-03T09:00:00+00:00,124.82028
2026-10-03T10:00:00+00:00,177.57912
2026-10-03T11:00:00+00:00,225.18309
2026-10-03T12:00:00+00:00,254.30727
2026-10-03T13:00:00+00:00,233.70133
2026-10-03T14:00:00+00:00,179.19681
2026-10-03T15:00:00+00:00,136.13606
2026-10-03T16:00:00+00:00,106.44378
2026-10-03T17:00:00+00:00,85.3355
2026-10-03T18:00:00+00:00,70.54792
2026-10-03T19:00:00+00:00,60.48309
2026-10-03T20:00:00+00:00,53.45984
2026-10-03T21:00:00+00:00,47.94711
2026-10-03T22:00:00+00:00,43.4069
2026-10-03T23:00:00+00:00,39.36661
2026-10-04T00:00:00+00:00,35.50975
2026-10-04T01:00:00+00:00,32.21515
2026-10-04T02:00:00+00:00,30.15191
2026-10-04T03:00:00+00:00,29.52713
2026-10-04T04:00:00+00:00,31.53951
2026-10-04T05:00:00+00:00,40.31685
2026-10-04T06:00:00+00:00,72.82713
2026-10-04T07:00:00+00:00,128.56655
2026-10-04T08:00:00+00:00,167.51903
2026-10-04T09:00:00+00:00,189.03393
2026-10-04T10:00:00+00:00,205.5243
2026-10-04T11:00:00+00:00,228.02993
2026-10-04T12:00:00+00:00,247.31464
