# station_id,MAGAT-MANGAYANG
# variable,discharge
# issue_time,2026-09-27T08:00:00+00:00
# units,m3/s
time_utc,value
2026-09-27T09:00:00+00:00,0.00469
2026-09-27T10:00:00+00:00,0.44881
2026-09-27T11:00:00+00:00,2.47318
2026-09-27T12:00:00+00:00,7.45172
2026-09-27T13:00:00+00:00,21.59167
2026-09-27T14:00:00+00:00,42.70989
2026-09-27T15:00:00+00:00,51.55179
2026-09-27T16:00:00+00:00,44.86122
2026-09-27T17:00:00+00:00,35.76138
2026-09-27T18:00:00+00:00,28.36999
2026-09-27T19:00:00+00:00,22.65575
2026-09-27T20:00:00+00:00,18.28898
2026-09-27T21:00:00+00:00,14.94751
2026-09-27T22:00:00+00:00,12.36975
2026-09-27T23:00:00+00:00,10.35862
2026-09-28T00:00:00+00:00,8.77016
2026-09-28T01:00:00+00:00,7.50248
2026-09-28T02:00:00+00:00,6.49149
2026-09-28T03:00:00+00:00,5.744
2026-09-28T04:00:00+00:00,5.28908
2026-09-28T05:00:00+00:00,5.37886
2026-09-28T06:00:00+00:00,7.94768
2026-09-28T07:00:00+00:00,37.04152
2026-09-28T08:00:00+00:00,123.77083
2026-09-28T09:00:00+00:00,180.47831
2026-09-28T10:00:00+00:00,208.36053
2026-09-28T11:00:00+00:00,221.04814
2026-09-28T12:00:00+00:00,244.33766
2026-09-28T13:00:00+00:00,253.72001
2026-09-28T14:00:00+00:00,218.8088
2026-09-28T15:00:00+00:00,153.98384
2026-09-28T16:00:00+00:00,104.40633
2026-09-28T17:00:00+00:00,72.56517
2026-09-28T18:00:00+00:00,52.40637
2026-09-28T19:00:00+00:00,39.23289
2026-09-28T20:00:00+00:00,30.29249
2026-09-28T21:00:00+00:00,24.00559
2026-09-28T22:00:00+00:00,19.44804
2026-09-28T23:00:00+00:00,16.05462
2026-09-29T00:00:00+00:00,13.46807
2026-09-29T01:00:00+00:00,11.45567
2026-09-29T02:00:00+00:00,9.86155
2026-09-29T03:00:00+00:00,8.67745
2026-09-29T04:00:00+00:00,8.56589
2026-09-29T05:00:00+00:00,14.13061
2026-09-29T06:00:00+00:00,43.69633
2026-09-29T07:00:00+00:00,83.31752
2026-09-29T08:00:00+00:00,119.01509
2026-09-29T09:00:00+00:00,167.7789
2026-09-29T10:00:00+00:00,214.37082
2026-09-29T11:00:00+00:00,216.18502
2026-09-29T12:00:00+00:00,188.88857
2026-09-29T13:00:00+00:00,172.46659
2026-09-29T14:00:00+00:00,153.38935
2026-09-29T15:00:00+00:00,119.05171
2026-09-29T16:00:00+00:00,86.39204
2026-09-29T17:00:00+00:00,62.79391
2026-09-29T18:00:00+00:00,46.85163
2026-09-29T19:00:00+00:00,35.9815
2026-09-29T20:00:00+00:00,28.37435
2026-09-29T21:00:00+00:00,22.89654
2026-09-29T22:00:00+00:00,18.84346
2026-09-29T23:00:00+00:00,15.76993
2026-09-30T00:00:00+00:00,13.38827
2026-09-30T01:00:00+00:00,11.50732
2026-09-30T02:00:00+00:00,10.00154
2026-09-30T03:00:00+00:00,8.83564
2026-09-30T04:00:00+00:00,8.42984
2026-09-30T05:00:00+00:00,11.9215
2026-09-30T06:00:00+00:00,41.02579
2026-09-30T07:00:00+00:00,90.79341
2026-09-30T08:00:00+00:00,133.39089
2026-09-30T09:00:00+00:00,180.65922
2026-09-30T10:00:00+00:00,222.55178
2026-09-30T11:00:00+00:00,244.56464
2026-09-30T12:00:00+00:00,244.98293
2026-09-30T13:00:00+00:00,239.23251
2026-09-30T14:00:00+00:00,205.07918
2026-09-30T15:00:00+00:00,142.91083
2026-09-30T16:00:00+00:00,98.08679
2026-09-30T17:00:00+00:00,69.89819
2026-09-30T18:00:00+00:00,51.76327
2026-09-30T19:00:00+00:00,39.48544
2026-09-30T20:00:00+00:00,31.00354
2026-09-30T21:00:00+00:00,25.09135
2026-09-30T22:00:00+00:00,20.78201
2026-09-30T23:00:00+00:00,17.46155
2026-10-01T00:00:00+00:00,14.83294
2026-10-01T01:00:00+00:00,12.7567
2026-10-01T02:00:00+00:00,11.26887
2026-10-01T03:00:00+00:00,11.09024
2026-10-01T04:00:00+00:00,19.58503
2026-10-01T05:00:00+00:00,94.25105
2026-10-01T06:00:00+00:00,182.62521
2026-10-01T07:00:00+00:00,251.82665
2026-10-01T08:00:00+00:00,339.54853
2026-10-01T09:00:00+00:00,472.82549
2026-10-01T10:00:00+00:00,393.40642
2026-10-01T11:00:00+00:00,239.48017
2026-10-01T12:00:00+00:00,148.90671
2026-10-01T13:00:00+00:00,98.71028
2026-10-01T14:00:00+00:00,69.06748
2026-10-01T15:00:00+00:00,50.66957
2026-10-01T16:00:00+00:00,38.68374
2026-10-01T17:00:00+00:00,30.43742
2026-10-01T18:00:00+00:00,24.5393
2026-10-01T19:00:00+00:00,20.19407
2026-10-01T20:00:00+00:00,16.90631
2026-10-01T21:00:00+00:00,14.36
2026-10-01T22:00:00+00:00,12.34801
2026-10-01T23:00:00+00:00,10.73071
2026-10-02T00:00:00+00:00,9.4112
2026-10-02T01:00:00+00:00,8.32062
2026-10-02T02:00:00+00:00,7.40887
2026-10-02T03:00:00+00:00,6.63884
2026-10-02T04:00:00+00:00,6.05524
2026-10-02T05:00:00+00:00,5.77001
2026-10-02T06:00:00+00:00,5.87873
2026-10-02T07:00:00+00:00,8.08489
2026-10-02T08:00:00+00:00,19.71785
2026-10-02T09:00:00+00:00,48.53368
2026-10-02T10:00:00+00:00,71.60135
2026-10-02T11:00:00+00:00,74.68064
2026-10-02T12:00:00+00:00,70.35565
2026-10-02T13:00:00+00:00,61.09019
2026-10-02T14:00:00+00:00,48.47855
2026-10-02T15:00:00+00:00,37.93674
2026-10-02T16:00:00+00:00,29.90364
2026-10-02T17:00:00+00:00,23.90799
2026-10-02T18:00:00+00:00,19.4191
2026-10-02T19:00:00+00:00,16.01805
2026-10-02T20:00:00+00:00,13.40276
2026-10-02T21:00:00+00:00,11.36066
2026-10-02T22:00:00+00:00,9.74235
2026-10-02T23:00:00+00:00,8.44193
2026-10-03T00:00:00+00:00,7.38344
2026-10-03T01:00:00+00:00,6.51165
2026-10-03T02:00:00+00:00,5.78585
2026-10-03T03:00:00+00:00,5.17558
2026-10-03T04:00:00+00:00,4.65928
2026-10-03T05:00:00+00:00,4.2247
2026-10-03T06:00:00+00:00,3.85844
2026-10-03T07:00:00+00:00,3.55739
2026-10-03T08:00:00+00:00,3.32639
2026-10-03T09:00:00+00:00,3.18841
2026-10-03T10:00:00+00:00,3.28283
2026-10-03T11:00:00+00:00,4.03245
2026-10-03T12:00:00+00:00,6.19175
2026-10-03T13:00:00+00:00,9.98946
2026-10-03T14:00:00+00:00,13.747
2026-10-03T15:00:00+00:00,16.10185
2026-10-03T16:00:00+00:00,17.579
2026-10-03T17:00:00+00:00,17.68105
2026-10-03T18:00:00+00:00,16.49378
2026-10-03T19:00:00+00:00,14.75101
2026-10-03T20:00:00+00:00,12.96885
2026-10-03T21:00:00+00:00,11.32148
2026-10-03T22:00:00+00:00,9.85346
2026-10-03T23:00:00+00:00,8.58277
2026-10-04T00:00:00+00:00,7.50225
2026-10-04T01:00:00+00:00,6.5944
2026-10-04T02:00:00+00:00,5.86466
2026-10-04T03:00:00+00:00,5.33943
2026-10-04T04:00:00+00:00,5.75857
2026-10-04T05:00:00+00:00,11.86056
2026-10-04T06:00:00+00:00,52.04453
2026-10-04T07:00:00+00:00,123.90297
2026-10-04T08:00:00+00:00,212.78243
